id,record_type,system,organisation,modality,date_first_public,year,physical_qubits,qubits_basis,twoq_error,twoq_error_lo,twoq_error_hi,twoq_errors_per_1000,twoq_error_kind,twoq_statistic,twoq_benchmark,twoq_simultaneous,twoq_avg_infidelity_harmonised,harmonisation_note,twoq_published,logical_qubits,logical_code,logical_error,logical_error_unit,below_threshold,source_type,citation,doi,url,locator,raw_file,access_date
google-sycamore-2019,device,Sycamore,Google AI Quantum,superconducting,2019-10-23,2019,53,all working qubits on chip: 53 (of 54; one inoperable). Error is the mean over all 86 couplers with every gate running at once (Fig. 2).,0.0062,,,6.2,Pauli error,mean over all pairs,XEB (cross-entropy benchmarking),yes,0.00496,converted: Pauli error x 0.8,yes,,,,,,peer_reviewed,"Arute et al., Nature 574, 505-510 (2019)",10.1038/s41586-019-1666-5,https://www.nature.com/articles/s41586-019-1666-5,"p. 507 text (""we find an average e2 of 0.62%"") and Fig. 2a table (Simultaneous, Two-qubit e2)",nature-s41586-019-1666-5.pdf,2026-10-05
ustc-zuchongzhi-2021,device,Zuchongzhi,University of Science and Technology of China (USTC),superconducting,2021-06-28,2021,56,subset used in experiment: 56 of 66 on chip (94 of 110 couplers). The 0.59% is stated for these 56 qubits (Fig. 2 caption).,0.0059,,,5.9,Pauli error,mean over 94 couplers used,XEB,yes,0.00472,converted: Pauli error x 0.8,yes,,,,,,peer_reviewed,"Wu et al., Phys. Rev. Lett. 127, 180501 (2021)",10.1103/PhysRevLett.127.180501,https://arxiv.org/abs/2106.14734,"arXiv p. 2 (56 of 66 selected); p. 3, Fig. 2(c) caption (""of the 56 qubits and the 94 couplers"") and text (""Average two-qubit gate pauli error e2 of our processor is 0.59% when all gates are applied simultaneously"")",arxiv-2106.14734.pdf,2026-10-05
ibm-osprey-2022,device,Osprey,IBM,superconducting,2022-11-09,2022,433,all qubits on chip: 433 (count only),,,,,,,,,,,no,,,,,,company_claim,"IBM Newsroom, 9 Nov 2022",,https://newsroom.ibm.com/2022-11-09-IBM-Unveils-400-Qubit-Plus-Quantum-Processor-and-Next-Generation-IBM-Quantum-System-Two,Press release body,ibm-newsroom-osprey-2022-11-09.html,2026-10-05
harvard-evered-2023,device,Harvard/MIT neutral-atom array (gate demo),"Harvard, MIT, QuEra",neutral atom,2023-04-11,2023,60,"all atoms in the measured array: 60 (30 gate sites gated in parallel, Fig. 3d)",0.0052,,,5.2,1 − fidelity (CZ gate fidelity from global randomized benchmarking),fit over all 30 gate sites,global randomized benchmarking: random global single-qubit rotations between CZ gates (Fig. 3),yes,0.0052,passed through: definition not converted,yes,,,,,,peer_reviewed,"Evered et al., Nature 622, 268-272 (2023)",10.1038/s41586-023-06481-y,https://arxiv.org/abs/2304.05420,"arXiv Fig. 3d caption (""we measure a comparable fidelity of 99.48(2)% for the time-optimal gate implemented on 60 qubits in parallel"")",arxiv-2304.05420.pdf,2026-10-05
quantinuum-h2-2023,device,H2 (32 qubits),Quantinuum,trapped ion,2023-05-05,2023,32,"all 32 qubits; trapped-ion design: qubits are moved into 4 shared gate zones, and 2Q RB is run on pairs in each zone then averaged across zones, not on all 32 at once",0.00184,,,1.84,average infidelity,average over the 4 gate zones,two-qubit randomized benchmarking,no (per gate zone),0.00184,already average infidelity,yes,,,,,,peer_reviewed,"Moses et al., Phys. Rev. X 13, 041052 (2023)",10.1103/PhysRevX.13.041052,https://arxiv.org/abs/2305.03828,"Abstract (""an average two-qubit gate infidelity of 1.84(5)×10−3"")",arxiv-2305.03828.pdf,2026-10-05
ibm-condor-2023,device,Condor,IBM,superconducting,2023-12-04,2023,1121,all qubits on chip: 1121 (count only),,,,,,,,,,,no,,,,,,company_claim,IBM Quantum,,https://www.ibm.com/quantum/blog/quantum-roadmap-2033,"Section 'Breaking the 1,000-qubit barrier with Condor'",ibm-blog-quantum-roadmap-2033_2023-12-04.html,2026-10-05
ibm-heron-r1-2023,device,Heron r1,IBM,superconducting,2023-12-04,2023,133,all qubits on chip: 133 (count only),,,,,,,,,,,no,,,,,,company_claim,IBM Quantum,,https://www.ibm.com/quantum/blog/quantum-roadmap-2033,Section 'Access to the highest performing quantum processor: Heron',ibm-blog-quantum-roadmap-2033_2023-12-04.html,2026-10-05
harvard-bluvstein-2023,logical_demo,Harvard/MIT/QuEra logical processor,"Harvard, MIT, QuEra",neutral atom,2023-12-07,2023,280,"280 physical qubits in the logical experiments; no two-qubit error is stated for this 280-qubit configuration, so none is paired with it here",,,,,,,,,,,n/a (see device row),48,"[[8,3,2]] colour codes (error DETECTING), sampling circuits",,,not_applicable,peer_reviewed,"Bluvstein et al., Nature 626, 58-65 (2024)",10.1038/s41586-023-06927-3,https://arxiv.org/abs/2312.03982,"Abstract (280 physical, 48 logical); Methods p. 12 (""two-qubit gate fidelities in the range F = 99.3% − 99.5%"")",arxiv-2312.03982.pdf,2026-10-05
caltech-6100-2024,device,Caltech tweezer array,California Institute of Technology,neutral atom,2024-03-18,2024,6100,all atoms in array: 6100 (count only; no two-qubit gates),,,,,,,,,,,no,,,,,,peer_reviewed,"Manetsch et al., Nature 647, 60-67 (2025)",10.1038/s41586-025-09641-4,https://arxiv.org/abs/2403.12021,Title and abstract,arxiv-2403.12021.pdf,2026-10-05
quantinuum-h2-2024,device,H2 (56 qubits),Quantinuum,trapped ion,2024-06-04,2024,56,"all 56 qubits; trapped-ion design: 2Q RB on pairs in the 4 gate zones used (bottom 4 of 8), averaged, not on all 56 at once",0.00157,,,1.57,average infidelity,average,two-qubit randomized benchmarking (standard Clifford),no (per gate zone),0.00157,already average infidelity,yes,,,,,,peer_reviewed,"DeCross et al., Phys. Rev. X 15, 021052 (2025)",10.1103/PhysRevX.15.021052,https://arxiv.org/abs/2406.02501,"arXiv p. 3, Table I (eps2Q, 2Q RB, 15.7(5) ×10−4); abstract gives 99.843(5)% fidelity",arxiv-2406.02501.pdf,2026-10-05
google-willow-2024-logical,logical_demo,Willow (chip 1: QEC),Google Quantum AI,superconducting,2024-08-24,2024,101,subset used in experiment: 101 of 105 (distance-7 surface code),,,,,,,,,,,n/a (see device row),1,distance-7 surface code (memory),0.00143,logical error per error-correction cycle,yes,peer_reviewed,"Google Quantum AI and Collaborators, Nature 638, 920-926 (2025)",10.1038/s41586-024-08449-y,https://www.nature.com/articles/s41586-024-08449-y,"Abstract; Table S1 (neural network decoder, eps7 = (1.43 ± 0.03) × 10^-3)",nature-s41586-024-08449-y.pdf; arxiv-2408.13687.pdf,2026-10-05
atom-msft-2024,logical_demo,Atom Computing neutral-atom processor,"Atom Computing, Microsoft",neutral atom,2024-11-18,2024,256,256 atoms available; 2Q gates run on pairs moved into an interaction zone (up to 8 pairs in parallel). Number of atoms in the IRB benchmark not stated in the text.,0.0056,,,5.6,average infidelity excluding atom loss and leakage,average,two-qubit static interleaved RB (IRB),not stated in extracted text,0.0056,already average infidelity,yes,24,cat state on 24 logical qubits encoded in 48 atoms (also 28 logical qubits in 112 atoms for Bernstein-Vazirani),,,not_applicable,company_claim,"Reichardt et al. (Microsoft, Atom Computing), arXiv:2411.11822v3 (2025)",,https://arxiv.org/abs/2411.11822,"p. 3 table (""2Q Static IRB 0.56(15)%"", loss + leakage 0.27(6)%); abstract (256 qubits, 24 and 28 logical)",arxiv-2411.11822.pdf,2026-10-05
google-willow-2024,device,Willow (chip 1: QEC),Google Quantum AI,superconducting,2024-12-09,2024,105,all qubits on chip: 105. Spec sheet gives chip 1 as 105 qubits with no subset stated; the Nature paper (Fig. 1b) shows the same CZ distribution as measured on the 105-qubit processor.,0.0033,,,3.3,average error (RB),mean over all pairs; ± 0.18% is the spread across pairs as given,randomized benchmarking techniques (spec sheet footnote 1),yes,0.0033,already average infidelity,yes,,,,,,company_claim,"Google Quantum AI, published Dec 9 2024",,https://quantumai.google/static/site-assets/downloads/willow-spec-sheet.pdf,"p. 1, Quantum Error Correction (Chip 1), ""Two-qubit gate error (mean, simultaneous) 0.33% ± 0.18% (CZ)""",google-willow-spec-sheet.pdf,2026-10-05
ustc-zuchongzhi3-2024,device,Zuchongzhi 3.0,University of Science and Technology of China (USTC),superconducting,2024-12-16,2024,83,subset used in experiment: 83 of 105 on chip. The 3.75 per mille is stated for these 83 qubits (Fig. 2 caption).,0.00375,,,3.75,Pauli error,mean over couplers used,"as reported in Fig. 2b; calibration described in Supplementary (XEB-based), not independently re-derived",yes,0.003,converted: Pauli error x 0.8,yes,,,,,,peer_reviewed,"Gao et al., Phys. Rev. Lett. 134, 090601 (2025)",10.1103/PhysRevLett.134.090601,https://arxiv.org/abs/2412.11924,"arXiv p. 3, Fig. 2 caption (""selected 83 qubits"") and Fig. 2b (""Average Pauli Error: 3.75‰"")",arxiv-2412.11924.pdf,2026-10-05
ibm-heron-r3-2025,device,Heron r3,IBM,superconducting,2025-11-12,2025,156,all qubits on chip: 156 (count only),,,,,,,,,,,no,,,,,,company_claim,IBM Quantum,,https://www.ibm.com/quantum/blog/qdc-2025,Paragraph on Heron r3; qubit count from IBM docs processor-types page,ibm-blog-qdc-2025.html; ibm-docs-processor-types.html,2026-10-05
quantinuum-helios-2025,device,Helios,Quantinuum,trapped ion,2025-11-16,2025,98,"all 98 qubits; trapped-ion design: 2Q RB on pairs in the 8 operation zones, averaged over all zones, not on all 98 at once",0.00079,,,0.79,average infidelity,average over all operational zones (includes leakage 2.4(1) × 10−4),two-qubit randomized benchmarking (2QRB),no (per gate zone),0.00079,already average infidelity,yes,,,,,,peer_reviewed,"Ransford, A. et al., Nature 655, 81-86 (2026)",10.1038/s41586-026-10676-4,https://www.nature.com/articles/s41586-026-10676-4,"Abstract; p. 4 table (2Q gates, Average infidelity (2QRB) 7.9(2)); cycle benchmarking gives 8.1(2)",nature-s41586-026-10676-4.pdf; nature-s41586-026-10676-4.html,2026-10-05
