edition,horizon_years,bucket,bucket_label,bucket_low,bucket_high,n_experts,n_respondents,share_of_respondents,source_page,corrected_from_print
2022,5,<1%,Extremely unlikely (< 1% chance),0,1,27,40,0.6750,61,
2022,5,<5%,Very unlikely (< 5% chance),1,5,9,40,0.2250,61,
2022,5,<30%,Unlikely (< 30% chance),5,30,3,40,0.0750,61,
2022,5,~50%,Neither likely nor unlikely (about 50% chance),30,70,1,40,0.0250,61,
2022,5,>70%,Likely (> 70% chance),70,95,0,40,0.0000,61,
2022,5,>95%,Very likely (> 95% chance),95,99,0,40,0.0000,61,
2022,5,>99%,Extremely likely (> 99% chance),99,100,0,40,0.0000,61,
2022,10,<1%,Extremely unlikely (< 1% chance),0,1,7,40,0.1750,61,
2022,10,<5%,Very unlikely (< 5% chance),1,5,13,40,0.3250,61,
2022,10,<30%,Unlikely (< 30% chance),5,30,11,40,0.2750,61,
2022,10,~50%,Neither likely nor unlikely (about 50% chance),30,70,7,40,0.1750,61,
2022,10,>70%,Likely (> 70% chance),70,95,2,40,0.0500,61,
2022,10,>95%,Very likely (> 95% chance),95,99,0,40,0.0000,61,
2022,10,>99%,Extremely likely (> 99% chance),99,100,0,40,0.0000,61,
2022,15,<1%,Extremely unlikely (< 1% chance),0,1,0,40,0.0000,61,
2022,15,<5%,Very unlikely (< 5% chance),1,5,7,40,0.1750,61,
2022,15,<30%,Unlikely (< 30% chance),5,30,11,40,0.2750,61,
2022,15,~50%,Neither likely nor unlikely (about 50% chance),30,70,11,40,0.2750,61,
2022,15,>70%,Likely (> 70% chance),70,95,8,40,0.2000,61,
2022,15,>95%,Very likely (> 95% chance),95,99,3,40,0.0750,61,
2022,15,>99%,Extremely likely (> 99% chance),99,100,0,40,0.0000,61,
2022,20,<1%,Extremely unlikely (< 1% chance),0,1,0,40,0.0000,61,
2022,20,<5%,Very unlikely (< 5% chance),1,5,0,40,0.0000,61,
2022,20,<30%,Unlikely (< 30% chance),5,30,3,40,0.0750,61,
2022,20,~50%,Neither likely nor unlikely (about 50% chance),30,70,13,40,0.3250,61,
2022,20,>70%,Likely (> 70% chance),70,95,14,40,0.3500,61,
2022,20,>95%,Very likely (> 95% chance),95,99,7,40,0.1750,61,
2022,20,>99%,Extremely likely (> 99% chance),99,100,3,40,0.0750,61,
2022,30,<1%,Extremely unlikely (< 1% chance),0,1,0,40,0.0000,61,
2022,30,<5%,Very unlikely (< 5% chance),1,5,0,40,0.0000,61,
2022,30,<30%,Unlikely (< 30% chance),5,30,1,40,0.0250,61,
2022,30,~50%,Neither likely nor unlikely (about 50% chance),30,70,4,40,0.1000,61,
2022,30,>70%,Likely (> 70% chance),70,95,13,40,0.3250,61,
2022,30,>95%,Very likely (> 95% chance),95,99,11,40,0.2750,61,
2022,30,>99%,Extremely likely (> 99% chance),99,100,11,40,0.2750,61,
2023,5,<1%,Extremely unlikely (< 1% chance),0,1,24,37,0.6486,65,
2023,5,<5%,Very unlikely (< 5% chance),1,5,6,37,0.1622,65,
2023,5,<30%,Unlikely (< 30% chance),5,30,4,37,0.1081,65,
2023,5,~50%,Neither likely nor unlikely (about 50% chance),30,70,2,37,0.0541,65,
2023,5,>70%,Likely (> 70% chance),70,95,1,37,0.0270,65,
2023,5,>95%,Very likely (> 95% chance),95,99,0,37,0.0000,65,
2023,5,>99%,Extremely likely (> 99% chance),99,100,0,37,0.0000,65,
2023,10,<1%,Extremely unlikely (< 1% chance),0,1,8,37,0.2162,65,
2023,10,<5%,Very unlikely (< 5% chance),1,5,12,37,0.3243,65,
2023,10,<30%,Unlikely (< 30% chance),5,30,7,37,0.1892,65,
2023,10,~50%,Neither likely nor unlikely (about 50% chance),30,70,4,37,0.1081,65,
2023,10,>70%,Likely (> 70% chance),70,95,4,37,0.1081,65,
2023,10,>95%,Very likely (> 95% chance),95,99,2,37,0.0541,65,
2023,10,>99%,Extremely likely (> 99% chance),99,100,0,37,0.0000,65,
2023,15,<1%,Extremely unlikely (< 1% chance),0,1,0,37,0.0000,65,
2023,15,<5%,Very unlikely (< 5% chance),1,5,7,37,0.1892,65,
2023,15,<30%,Unlikely (< 30% chance),5,30,10,37,0.2703,65,
2023,15,~50%,Neither likely nor unlikely (about 50% chance),30,70,10,37,0.2703,65,
2023,15,>70%,Likely (> 70% chance),70,95,4,37,0.1081,65,
2023,15,>95%,Very likely (> 95% chance),95,99,6,37,0.1622,65,
2023,15,>99%,Extremely likely (> 99% chance),99,100,0,37,0.0000,65,
2023,20,<1%,Extremely unlikely (< 1% chance),0,1,0,37,0.0000,65,
2023,20,<5%,Very unlikely (< 5% chance),1,5,0,37,0.0000,65,
2023,20,<30%,Unlikely (< 30% chance),5,30,6,37,0.1622,65,
2023,20,~50%,Neither likely nor unlikely (about 50% chance),30,70,11,37,0.2973,65,
2023,20,>70%,Likely (> 70% chance),70,95,9,37,0.2432,65,
2023,20,>95%,Very likely (> 95% chance),95,99,6,37,0.1622,65,
2023,20,>99%,Extremely likely (> 99% chance),99,100,5,37,0.1351,65,
2023,30,<1%,Extremely unlikely (< 1% chance),0,1,0,37,0.0000,65,
2023,30,<5%,Very unlikely (< 5% chance),1,5,0,37,0.0000,65,
2023,30,<30%,Unlikely (< 30% chance),5,30,0,37,0.0000,65,
2023,30,~50%,Neither likely nor unlikely (about 50% chance),30,70,8,37,0.2162,65,87
2023,30,>70%,Likely (> 70% chance),70,95,10,37,0.2703,65,
2023,30,>95%,Very likely (> 95% chance),95,99,10,37,0.2703,65,
2023,30,>99%,Extremely likely (> 99% chance),99,100,9,37,0.2432,65,
2024,5,<1%,Extremely unlikely (< 1% chance),0,1,18,32,0.5625,66,
2024,5,<5%,Very unlikely (< 5% chance),1,5,5,32,0.1563,66,
2024,5,<30%,Unlikely (< 30% chance),5,30,6,32,0.1875,66,
2024,5,~50%,Neither likely nor unlikely (about 50% chance),30,70,2,32,0.0625,66,
2024,5,>70%,Likely (> 70% chance),70,95,1,32,0.0313,66,
2024,5,>95%,Very likely (> 95% chance),95,99,0,32,0.0000,66,
2024,5,>99%,Extremely likely (> 99% chance),99,100,0,32,0.0000,66,
2024,10,<1%,Extremely unlikely (< 1% chance),0,1,4,32,0.1250,66,
2024,10,<5%,Very unlikely (< 5% chance),1,5,11,32,0.3438,66,
2024,10,<30%,Unlikely (< 30% chance),5,30,7,32,0.2188,66,
2024,10,~50%,Neither likely nor unlikely (about 50% chance),30,70,5,32,0.1563,66,
2024,10,>70%,Likely (> 70% chance),70,95,3,32,0.0938,66,
2024,10,>95%,Very likely (> 95% chance),95,99,2,32,0.0625,66,
2024,10,>99%,Extremely likely (> 99% chance),99,100,0,32,0.0000,66,
2024,15,<1%,Extremely unlikely (< 1% chance),0,1,1,32,0.0313,66,
2024,15,<5%,Very unlikely (< 5% chance),1,5,3,32,0.0938,66,
2024,15,<30%,Unlikely (< 30% chance),5,30,7,32,0.2188,66,
2024,15,~50%,Neither likely nor unlikely (about 50% chance),30,70,10,32,0.3125,66,
2024,15,>70%,Likely (> 70% chance),70,95,6,32,0.1875,66,
2024,15,>95%,Very likely (> 95% chance),95,99,4,32,0.1250,66,
2024,15,>99%,Extremely likely (> 99% chance),99,100,1,32,0.0313,66,
2024,20,<1%,Extremely unlikely (< 1% chance),0,1,0,32,0.0000,66,
2024,20,<5%,Very unlikely (< 5% chance),1,5,1,32,0.0313,66,
2024,20,<30%,Unlikely (< 30% chance),5,30,2,32,0.0625,66,
2024,20,~50%,Neither likely nor unlikely (about 50% chance),30,70,10,32,0.3125,66,
2024,20,>70%,Likely (> 70% chance),70,95,8,32,0.2500,66,
2024,20,>95%,Very likely (> 95% chance),95,99,7,32,0.2188,66,
2024,20,>99%,Extremely likely (> 99% chance),99,100,4,32,0.1250,66,
2024,30,<1%,Extremely unlikely (< 1% chance),0,1,0,32,0.0000,66,
2024,30,<5%,Very unlikely (< 5% chance),1,5,1,32,0.0313,66,
2024,30,<30%,Unlikely (< 30% chance),5,30,0,32,0.0000,66,
2024,30,~50%,Neither likely nor unlikely (about 50% chance),30,70,3,32,0.0938,66,
2024,30,>70%,Likely (> 70% chance),70,95,12,32,0.3750,66,
2024,30,>95%,Very likely (> 95% chance),95,99,10,32,0.3125,66,
2024,30,>99%,Extremely likely (> 99% chance),99,100,6,32,0.1875,66,
2025,5,<1%,Extremely unlikely (< 1% chance),0,1,13,26,0.5000,70,
2025,5,<5%,Very unlikely (< 5% chance),1,5,5,26,0.1923,70,
2025,5,<30%,Unlikely (< 30% chance),5,30,6,26,0.2308,70,
2025,5,~50%,Neither likely nor unlikely (about 50% chance),30,70,1,26,0.0385,70,
2025,5,>70%,Likely (> 70% chance),70,95,1,26,0.0385,70,
2025,5,>95%,Very likely (> 95% chance),95,99,0,26,0.0000,70,
2025,5,>99%,Extremely likely (> 99% chance),99,100,0,26,0.0000,70,
2025,10,<1%,Extremely unlikely (< 1% chance),0,1,3,26,0.1154,70,
2025,10,<5%,Very unlikely (< 5% chance),1,5,4,26,0.1538,70,
2025,10,<30%,Unlikely (< 30% chance),5,30,6,26,0.2308,70,
2025,10,~50%,Neither likely nor unlikely (about 50% chance),30,70,7,26,0.2692,70,
2025,10,>70%,Likely (> 70% chance),70,95,4,26,0.1538,70,
2025,10,>95%,Very likely (> 95% chance),95,99,1,26,0.0385,70,
2025,10,>99%,Extremely likely (> 99% chance),99,100,1,26,0.0385,70,
2025,15,<1%,Extremely unlikely (< 1% chance),0,1,0,26,0.0000,70,
2025,15,<5%,Very unlikely (< 5% chance),1,5,3,26,0.1154,70,
2025,15,<30%,Unlikely (< 30% chance),5,30,5,26,0.1923,70,
2025,15,~50%,Neither likely nor unlikely (about 50% chance),30,70,3,26,0.1154,70,
2025,15,>70%,Likely (> 70% chance),70,95,9,26,0.3462,70,
2025,15,>95%,Very likely (> 95% chance),95,99,4,26,0.1538,70,
2025,15,>99%,Extremely likely (> 99% chance),99,100,2,26,0.0769,70,
2025,20,<1%,Extremely unlikely (< 1% chance),0,1,0,26,0.0000,70,
2025,20,<5%,Very unlikely (< 5% chance),1,5,0,26,0.0000,70,
2025,20,<30%,Unlikely (< 30% chance),5,30,2,26,0.0769,70,
2025,20,~50%,Neither likely nor unlikely (about 50% chance),30,70,6,26,0.2308,70,
2025,20,>70%,Likely (> 70% chance),70,95,6,26,0.2308,70,
2025,20,>95%,Very likely (> 95% chance),95,99,4,26,0.1538,70,
2025,20,>99%,Extremely likely (> 99% chance),99,100,8,26,0.3077,70,
2025,30,<1%,Extremely unlikely (< 1% chance),0,1,0,26,0.0000,70,
2025,30,<5%,Very unlikely (< 5% chance),1,5,0,26,0.0000,70,
2025,30,<30%,Unlikely (< 30% chance),5,30,1,26,0.0385,70,
2025,30,~50%,Neither likely nor unlikely (about 50% chance),30,70,3,26,0.1154,70,
2025,30,>70%,Likely (> 70% chance),70,95,5,26,0.1923,70,
2025,30,>95%,Very likely (> 95% chance),95,99,5,26,0.1923,70,
2025,30,>99%,Extremely likely (> 99% chance),99,100,12,26,0.4615,70,
